{"N": 10, "k": 2, "x": [[-16.3, -12.5], [-12.3, -11.2], [-10.7, -14.0], [9.5, -41.9], [-17.7, -1.90000000000001], [-8.7, -29.1], [7.4, -28.4], [-2.1, -33.1], [-21.2, 4.80000000000001], [19.9, 24.4]], "log_pop": [7.00306545878646, 7.3132203870903, 8.1886891244442, 8.47449443688312, 8.90923527919226, 8.98719682066197, 9.12695876303713, 9.47270463644367, 9.76995615991161, 12.5245263766487], "y": [13, 22, 24, 43, 33, 19, 40, 28, 55, 71], "alpha_prior": 4.241666032196118, "beta_prior": 7.221241069250016}